date,campaign_id,campaign_name,channel,campaign_type,impressions,clicks,cost,conversions,conversion_value
2026-09-01,1001,Portland Bike Tours,paid_search,search,1240,86,172.45,7,1043.00
2026-09-01,1002,Columbia Gorge Tours,paid_search,search,980,64,131.20,5,825.00
2026-09-01,1003,Brand Search,paid_search,search,640,118,74.30,16,2380.00
2026-09-02,1001,Portland Bike Tours,paid_search,search,1315,91,181.75,8,1192.00
2026-09-02,1002,Columbia Gorge Tours,paid_search,search,1050,72,149.60,6,990.00
2026-09-02,1003,Brand Search,paid_search,search,702,127,79.15,18,2675.00
2026-09-03,1001,Portland Bike Tours,paid_search,search,1195,79,158.90,6,894.00
2026-09-03,1002,Columbia Gorge Tours,paid_search,search,1120,76,156.40,7,1155.00
2026-09-03,1003,Brand Search,paid_search,search,685,122,76.80,17,2530.00
